C00001,Un-defined command.,Contact your system manager.
C00002,Command execution is impossible.,Contact your system manager.
C00003,Hardware is not present.,Replace the card reader module.
C00004,Command data error.,Contact your system manager.
C00006,ICRW dose not have keys that dechiper the data.,Contact your system manager.
C00007,"Incomplete at intake ^and/or withdraw(except error ""08"" and ""09"")",Retry read card.
C00008,Timeout at intake completed reading^ at least one magnetic data.,Retry read card.
C00009,Timeout at intake and/or withdraw.,Retry read card.
C00010,Latch operation error.,Reboot system.^ If error occurs again^ then replace the CardReader.
C00020,Card has not been read yet or other errors.,Contact your system manager.
C00021,No Start sentinel.,Contact your system manager.
C00022,VRC error.,Contact your system manager.
C00023,No End sentinel. Too many data,Contact your system manager.
C00024,LRC error.,Contact your system manager.
C00025,No mag.stripe or No encoded card.,Contact your system manager.
C00026,Unknown Error.,Contact your system manager.
C00027,SS-ES-LRC card.,Contact your system manager.
C00030,Detection of Power failure.,Contact your system manager.
C00060,Abnormal condition was found on the ^power-line(Vcc) of ICC(or SAM).,Reboot system.^ If error occurs again^ then replace the CardReader.
C00061,The receiving error of ATR.,Contact your system manager.
C00062,The specified protocol does not agree ^with that of IC Card.,Reboot system.^ If error occurs again^ then replace the CardReader.
C00063,IC card(SAM) communication error^(IC card does not respond),Contact your system manager.
C00064,"IC card(SAM) communication error^(Other than ""63"")",Contact your system manager.
C00065,HOST send command for IC card ^communication before receiving ATR.,Contact your system manager.
C00066,Tried to communicate with IC card ^not supported in ICRW.,Contact your system manager.
C00069,IC card(SAM) returned ATR which does not match EMV2000 ver4.0,Contact your system manager.
C00070,F-ROM write error,Reboot system.^ If error occurs again^ then replace the CardReader.
C00071,CRC error of User program code area,Contact your system manager.
C00072,EEPROM operation error,Reboot system.^ If error occurs again^ then replace the CardReader.
C00074,RAM Error.,Contact your system manager.
C00081,Communication connection is failed.,If error occurs again after reset then ^contact your system manager.
C00082,Cancel command session error,If error occurs again after reset then ^contact your system manager.
C00083,Send command error,If error occurs again after reset then ^contact your system manager.
C00084,Receive reply error,If error occurs again after reset then ^contact your system manager.
C00085,Command canceled,If error occurs again after reset then ^contact your system manager.
C00086,Reply timeout,If error occurs again after reset then ^contact your system manager.
C0000B,Authentication fail,AP reboot.
C000FF,Unknown Error.,If error occurs again after reset then ^contact your system manager.
D10001,Illigal command parameter,If error occurs again after reset ^then contact your system manager.
D10002,Illigal command,If error occurs again after reset ^then contact your system manager.
D10003,CBX1 size parameter error,If error occurs again after reset ^then contact your system manager.
D10004,CBX2 size parameter error,If error occurs again after reset ^then contact your system manager.
D10005,CBX3 size parameter error,If error occurs again after reset ^then contact your system manager.
D10006,CBX4 size parameter error,If error occurs again after reset ^then contact your system manager.
D10007,CBX1 thickness parameter error,If error occurs again after reset ^then contact your system manager.
D10008,CBX2 thickness parameter error,If error occurs again after reset ^then contact your system manager.
D10009,CBX3 thickness parameter error,If error occurs again after reset ^then contact your system manager.
D1000A,CBX4 thickness parameter error,If error occurs again after reset ^then contact your system manager.
D1000B,Authentication fail,1. Initialize authentication. ^2. AP reboot.
D10010,CBX1 check right sensor error,If error occurs again after reset ^then contact your system manager.
D10011,CBX2 check right sensor error,If error occurs again after reset ^then contact your system manager.
D10012,CBX3 check right sensor error,If error occurs again after reset ^then contact your system manager.
D10013,CBX4 check right sensor error,If error occurs again after reset ^then contact your system manager.
D10014,CBX1 check left sensor error,If error occurs again after reset ^then contact your system manager.
D10015,CBX2 Ccheck left sensor error,If error occurs again after reset ^then contact your system manager.
D10016,CBX3 check left sensor error,If error occurs again after reset ^then contact your system manager.
D10017,CBX4 check left sensor error,If error occurs again after reset ^then contact your system manager.
D10018,CBX1 middle sensor error,If error occurs again after reset ^then contact your system manager.
D10019,CBX2 middle sensor error,If error occurs again after reset ^then contact your system manager.
D1001A,CBX3 middle sensor error,If error occurs again after reset ^then contact your system manager.
D1001B,CBX4 middle sensor error,If error occurs again after reset ^then contact your system manager.
D1001C,THICK_REF sensor error,If error occurs again after reset ^then contact your system manager.
D1001D,Exit sensor error,If error occurs again after reset ^then contact your system manager.
D1001E,Thickness sensor error,If error occurs again after reset ^then contact your system manager.
D10021,CBX1 check sensor time over,If error occurs again after reset ^then contact your system manager.
D10022,CBX2 check sensor time over,If error occurs again after reset ^then contact your system manager.
D10023,CBX3 check sensor time over,If error occurs again after reset ^then contact your system manager.
D10024,CBX4 Ccheck sensor time over,If error occurs again after reset ^then contact your system manager.
D10031,CBX1 pickup fail,Check that cassette box is empty ^or there is wrong cash in it. ^If there is no problem ^then contact your system manager.
D10032,CBX2 pickup fail,Check that cassette box is empty ^or there is wrong cash in it. ^If there is no problem ^then contact your system manager.
D10033,CBX3 pickup fail,Check that cassette box is empty ^or there is wrong cash in it. ^If there is no problem ^then contact your system manager.
D10034,CBX4 pickup fail,Check that cassette box is empty ^or there is wrong cash in it. ^If there is no problem ^then contact your system manager.
D10035,CBX1 check to middle time out,Check that cassette box is empty ^or there is wrong cash in it. ^If there is no problem ^then contact your system manager.
D10036,CBX2 check to middle time out,Check that cassette box is empty ^or there is wrong cash in it. ^If there is no problem ^then contact your system manager.
D10037,CBX3 check to middle time out,Check that cassette box is empty ^or there is wrong cash in it. ^If there is no problem ^then contact your system manager.
D10038,CBX4 Ccheck to middle time out,Check that cassette box is empty ^or there is wrong cash in it. ^If there is no problem ^then contact your system manager.
D10039,Middle to middle time out,Pull out Dispenser and ^then remove bill.
D1003A,Middle to THICK_REF time out,Pull out Dispenser and ^then remove bill.
D1003B,THICK_REF to exit time out,Pull out Dispenser and ^then remove bill.
D1003C,Exit time out,Pull out Dispenser and ^then remove bill.
D10040,Reject box no exist,Check that Reject box is present. ^If error occurs again ^then contact your system manager.
D10041,CBX1 no exist,Check that cassette box #1 is present. ^If error occurs again ^then contact your system manager.
D10042,CBX2 no exist,Check that cassette box #2 is present. ^If error occurs again ^then contact your system manager.
D10043,CBX3 no exist,Check that cassette box #3 is present. ^If error occurs again ^then contact your system manager.
D10044,no exist,Check that cassette box #4 is present. ^If error occurs again ^then contact your system manager.
D10045,CBX1 ID no match,Check that cassette box #1 is present. ^If error occurs again ^then contact your system manager.
D10046,CBX2 ID no match,Check that cassette box #2 is present. ^If error occurs again ^then contact your system manager.
D10047,CBX3 ID no match,Check that cassette box #3 is present. ^If error occurs again ^then contact your system manager.
D10048,CBX4 ID no match,Check that cassette box #4 is present. ^If error occurs again ^then contact your system manager.
D10049,CBX1 empty,Add cash to cassette box #1 ^after CASSETTE CLOSE and ^then perform ADD QTY IN CASSETTE.
D1004A,CBX2 empty,Add cash to cassette box #2 ^after CASSETTE CLOSE and ^then perform ADD QTY IN CASSETTE.
D1004B,CBX3 empty,Add cash to cassette box #3 ^after CASSETTE CLOSE and ^then perform ADD QTY IN CASSETTE.
D1004C,CBX4 empty,Add cash to cassette box #4 ^after CASSETTE CLOSE and ^then perform ADD QTY IN CASSETTE.
D10050,Dispense stop error,Check that cassette box is empty ^or there is wrong cash in it. ^If there is no problem ^then contact your system manager.
D10051,Max reject error,Check that reject box is full. ^If there is no problem ^then contact your system manager.
D10052,Bill count error,If error occurs again after reset ^then contact your system manager.
D10053,Exit bill detect error,If error occurs again after reset ^then contact your system manager.
D10054,Dispense time out,If error occurs again after reset ^then contact your system manager.
D10060,Motor fault error,If error occurs again after reset ^then contact your system manager.
D10061,Motor encoder error,If error occurs again after reset ^then contact your system manager.
D10062,Diverter on fail,If error occurs again after reset ^then contact your system manager.
D10063,Diverter off fail,If error occurs again after reset ^then contact your system manager.
D10064,CBX1 pickup SOL ON fail,If error occurs again after reset ^then contact your system manager.
D10065,CBX2 pickup SOL ON fail,If error occurs again after reset ^then contact your system manager.
D10066,CBX3 pickup SOL ON fail,If error occurs again after reset ^then contact your system manager.
D10067,CBX4 pickup SOL ON fail,If error occurs again after reset ^then contact your system manager.
D10068,CBX1 pickup SOL OFF fail,If error occurs again after reset ^then contact your system manager.
D10069,CBX2 pickup SOL OFF fail,If error occurs again after reset ^then contact your system manager.
D1006A,CBX3 pickup SOL OFF fail,If error occurs again after reset ^then contact your system manager.
D1006B,CBX4 pickup SOL OFF fail,If error occurs again after reset ^then contact your system manager.
D1006C,Motor current over,If error occurs again after reset ^then contact your system manager.
D10070,FW boot start,If error occurs again after reset ^then contact your system manager.
D10071,Download header error,If error occurs again after reset ^then contact your system manager.
D10072,Download checksum error,If error occurs again after reset ^then contact your system manager.
D100F0,Communication error,Check data cable connection. ^If error occurs again ^then contact your system manager.
D100F1,Send/Recv command mismatch error,If error occurs again after reset ^then contact your system manager.
D100F2,Dispense count error,If error occurs again after reset ^then contact your system manager.
D100F3,Firmware download fail,AP reboot.
D100M0,Insufficient amount in dipenser,Add cash to cassette ^after CASSETTE CLOSE and ^then perform ADD QTY IN CASSETTE.
D100M1,Mix Result is not equal with request amount.,Contact your system manager.
D100M2,Requested note count is over(50).,Contact your system manager.
P00001,Head up,Pull down head pinch lever
P00002,Near end,Replace paper roll
P00003,Paper empty,Load paper on printer
P00004,Abnormal printer,Remove paper and check printer
P00005,Cutter error,If error occurs again after reset ^then contact your system manager.
P00006,Communication connection is failed.,If error occurs again after reset then ^contact your system manager.
P00007,Status response error,If error occurs again after reset then ^contact your system manager.
E10001,MAC error,If error occurs again ^then contact your system manager.
E10002,Specified key can't be used,If error occurs again ^then contact your system manager.
E10003,Parameter error in command,If error occurs again ^then contact your system manager.
E10004,Specified key does not exist,If error occurs again ^then contact your system manager.
E10005,MAC length illegal,If error occurs again ^then contact your system manager.
E10006,Redundancy field less than 4,If error occurs again ^then contact your system manager.
E10007,Password error,If error occurs again ^then contact your system manager.
E10008,Routed command was not ACK'ed,If error occurs again ^then contact your system manager.
E10009,MPA can't be accessed ( missing rights ),If error occurs again ^then contact your system manager.
E1000A,Command or option received ^in an unexpected at this time,If error occurs again ^then contact your system manager.
E1000B,CFS variable does not exist,If error occurs again ^then contact your system manager.
E1000C,MPA variable does not exist,If error occurs again ^then contact your system manager.
E1000D,Decryption did not fit the redundancy,If error occurs again ^then contact your system manager.
E1000E,Block error in decryption data,If error occurs again ^then contact your system manager.
E1000F,MPA checksum error ^NOT in the certificate group^(substitutes error code CERT_RAM_ERR),If error occurs again ^then contact your system manager.
E10010,The command is unknown,If error occurs again ^then contact your system manager.
E10011,Keyload command illegal in this statea,If error occurs again ^then contact your system manager.
E10012,Selftest failed,If error occurs again ^then contact your system manager.
E10013,PIN length less than 4,If error occurs again ^then contact your system manager.
E10016,MPA variable has different size,If error occurs again ^then contact your system manager.
E10017,Verification failed,If error occurs again ^then contact your system manager.
E10018,All no of retries are used the ^process is terminated!,If error occurs again ^then contact your system manager.
E10019,The preprocessor constant ^MPA_VAR_SIZE_MAX is too small!,If error occurs again ^then contact your system manager.
E1001A,The preprocessor constant ^ENC_MPA_VAR_SIZE_MAX_TOO_SMALL ^is too small!,If error occurs again ^then contact your system manager.
E1001B,The MPA register is not preserved ^in the previsous version,If error occurs again ^then contact your system manager.
E1001C,Backplate tamper has been detected ^and commands are disabled.,If error occurs again ^then contact your system manager.
E1001D,Non conformity to PCI3 requirements,If error occurs again ^then contact your system manager.
E1001E,Image position width or height is invalid,If error occurs again ^then contact your system manager.
E1001F,MPA is illegal for this use,If error occurs again ^then contact your system manager.
E10020,MPA checksum error,If error occurs again ^then contact your system manager.
E10021,Display hardware error,If error occurs again ^then contact your system manager.
E10022,Magstribe not present,If error occurs again ^then contact your system manager.
E10023,MPA variable uninitialized,If error occurs again ^then contact your system manager.
E10024,Address error in download parameter,If error occurs again ^then contact your system manager.
E10025,Scramble value is NOT ok,If error occurs again ^then contact your system manager.
E10026,The key specified is not initialized,If error occurs again ^then contact your system manager.
E10027,Scramble check is rejected (search),If error occurs again ^then contact your system manager.
E10028,PIN value is wrong,If error occurs again ^then contact your system manager.
E10029,The KCV is NOT correct,If error occurs again ^then contact your system manager.
E1002A,The DUKPT system is not initialized,If error occurs again ^then contact your system manager.
E1002B,Command could not be executed,If error occurs again ^then contact your system manager.
E1002F,No application program loaded,If error occurs again ^then contact your system manager.
E10030,Search result negative,If error occurs again ^then contact your system manager.
E10031,Battery low status,Contact your system manager.
E10032,Nothing received from card ^within time limit,If error occurs again ^then contact your system manager.
E10033,Command not allowed in this state,If error occurs again ^then contact your system manager.
E10034,Parity error from card,If error occurs again ^then contact your system manager.
E10035,No Answer To Reset received,If error occurs again ^then contact your system manager.
E10036,Card was not inserted,If error occurs again ^then contact your system manager.
E10037,Only used internally in Physical Layer,If error occurs again ^then contact your system manager.
E10038,Vcc was disconnected due to Vcc timeout,If error occurs again ^then contact your system manager.
E10039,Vpp was disconnected due to Vpp timeout,If error occurs again ^then contact your system manager.
E1003A,Card was removed and reinserted,If error occurs again ^then contact your system manager.
E1003B,Card deactivated due to powerfail,If error occurs again ^then contact your system manager.
E1003C,Card could not be treated,If error occurs again ^then contact your system manager.
E1003D,Error in procedure byte from card,If error occurs again ^then contact your system manager.
E1003F,Only used internally in Data Link Layer,If error occurs again ^then contact your system manager.
E10040,Only used internally in Data Link Layer,If error occurs again ^then contact your system manager.
E10041,Only used internally in Data Link Layer,If error occurs again ^then contact your system manager.
E10042,Only used internally in Data Link Layer,If error occurs again ^then contact your system manager.
E10043,Error in the communication protocol,If error occurs again ^then contact your system manager.
E10044,No response has been received,If error occurs again ^then contact your system manager.
E10046,Parameter format error,If error occurs again ^then contact your system manager.
E10047,Software version not legal,If error occurs again ^then contact your system manager.
E10048,No of present HEX_ENTRY-digits too small,If error occurs again ^then contact your system manager.
E10049,Key length is not valid,If error occurs again ^then contact your system manager.
E1004A,Key not released not activated or expired,If error occurs again ^then contact your system manager.
E1004B,Card authentication error,If error occurs again ^then contact your system manager.
E1004C,PIN error no more trials,If error occurs again ^then contact your system manager.
E1004D,ZKA register (CARD_BLZ) ^do not match EF_ID[1..3],If error occurs again ^then contact your system manager.
E1004E,PIN_CONFIG specify reuse ^of PIN NOT allowed.,If error occurs again ^then contact your system manager.
E1004F,79d Used by OPT/TSS,If error occurs again ^then contact your system manager.
E10050,The amount is not ^entered/or verified correctly,If error occurs again ^then contact your system manager.
E10052,The amount entry is overflown,If error occurs again ^then contact your system manager.
E10054,The no of the bmp to be removed ^is not in range,If error occurs again ^then contact your system manager.
E10055,The bmp is not present can't be removed,If error occurs again ^then contact your system manager.
E10056,The clartext lengt is wrong,If error occurs again ^then contact your system manager.
E10057,The exponent lenght is wrong,If error occurs again ^then contact your system manager.
E10058,The exponent specification,If error occurs again ^then contact your system manager.
E10059,The modulus length,If error occurs again ^then contact your system manager.
E1005A,Hash check failed,If error occurs again ^then contact your system manager.
E1005B,Serial number check failed,If error occurs again ^then contact your system manager.
E1005C,The RSA key structure type is invalid,If error occurs again ^then contact your system manager.
E1005D,The public exponent value is invalid,If error occurs again ^then contact your system manager.
E1005E,The public exponent is not ^invertible module n,If error occurs again ^then contact your system manager.
E1005F,RSA calculation in progress,If error occurs again ^then contact your system manager.
E10060,RSA function was called in an illegal state,If error occurs again ^then contact your system manager.
E10061,Fatal error from low level ^arithmetic functions,If error occurs again ^then contact your system manager.
E10062,An error during Certificate.,If error occurs again ^then contact your system manager.
E10063,The key and the register lengths ^does not match.,If error occurs again ^then contact your system manager.
E10064,ERROR_BMP53_NOT_PRESENT,If error occurs again ^then contact your system manager.
E10065,ERROR_BMP53_PIN_ENC_ALGO_ID,If error occurs again ^then contact your system manager.
E10066,ERROR_BMP53_PIN_BLOCK_FORMAT,If error occurs again ^then contact your system manager.
E10067,ERROR_BMP53_PIN_KEY_INDEX,If error occurs again ^then contact your system manager.
E10068,ERROR_BMP53_MAC_GEN_MODE,If error occurs again ^then contact your system manager.
E10069,ERROR_BMP53_RFU,If error occurs again ^then contact your system manager.
E1006A,ERROR_BMP53_FORMAT_CODE,If error occurs again ^then contact your system manager.
E1006B,ERROR_BMP57_NOT_PRESENT,If error occurs again ^then contact your system manager.
E1006C,ERROR_BMP57_LENGTH_INVALID,If error occurs again ^then contact your system manager.
E1006D,ERROR_KID_INVALID,If error occurs again ^then contact your system manager.
E1006E,ERROR_KV_INVALID,If error occurs again ^then contact your system manager.
E1006F,ERROR_BMP64_NOT_PRESENT,If error occurs again ^then contact your system manager.
E10070,ERROR_BMP34_NOT_PRESENT,If error occurs again ^then contact your system manager.
E10071,pkcs msg#2 bad msg digest,If error occurs again ^then contact your system manager.
E10072,An mismatch of SerialNumber received.,If error occurs again ^then contact your system manager.
E10073,message too long,If error occurs again ^then contact your system manager.
E10074,intended encoded message length ^too short,If error occurs again ^then contact your system manager.
E10075,modulus too short,If error occurs again ^then contact your system manager.
E10076,invalid signature,If error occurs again ^then contact your system manager.
E10077,integer too large,If error occurs again ^then contact your system manager.
E10078,message representative out of range,If error occurs again ^then contact your system manager.
E10079,ciphertext representative out of range,If error occurs again ^then contact your system manager.
E1007A,mismatch in data length of ^OAEP decoding,If error occurs again ^then contact your system manager.
E1007B,mismatch in calculated pHash ^and given value,If error occurs again ^then contact your system manager.
E1007C,input len too short or too long,If error occurs again ^then contact your system manager.
E1007D,missing PAD separator or invalid ^PAD characters,If error occurs again ^then contact your system manager.
E1007E,PKCS1-decoding error.,If error occurs again ^then contact your system manager.
E1007F,mismatch in data length of OAEP encoding,If error occurs again ^then contact your system manager.
E10080,Error parsing data block,If error occurs again ^then contact your system manager.
E10082,Motorised card reader card located ^inside the card reader,If error occurs again ^then contact your system manager.
E10083,(Motorised)card reader where card ^status is unknown,If error occurs again ^then contact your system manager.
E10085,Card Verification Value error,If error occurs again ^then contact your system manager.
E10086,Service Code error,If error occurs again ^then contact your system manager.
E10087,PIN type error,If error occurs again ^then contact your system manager.
E10088,Key exists in history log allready,If error occurs again ^then contact your system manager.
E10089,Key history log full,If error occurs again ^then contact your system manager.
E1008A,Key history logis almost full,If error occurs again ^then contact your system manager.
E1008C,REV_ACTIVE,If error occurs again ^then contact your system manager.
E1008D,REV_INACTIVE,If error occurs again ^then contact your system manager.
E1008E,KEYPAD_STUCK_KEY_DETCT,If error occurs again ^then contact your system manager.
E1008F,FDK_VERIFICATION_FAILED,If error occurs again ^then contact your system manager.
E10090,REG_RESET_ERR,If error occurs again ^then contact your system manager.
E100B0,ILLEGAL_NAME,If error occurs again ^then contact your system manager.
E100B1,OFFSET_LENGTH_ERR,If error occurs again ^then contact your system manager.
E100B2,UNALLOCATED_SECTORS_EXIST,If error occurs again ^then contact your system manager.
E100B3,TOO_MUCH_ALLOCATED,If error occurs again ^then contact your system manager.
E100B5,CHKSUM_ERROR,If error occurs again ^then contact your system manager.
E100B6,NOT_ENOUGH_SPACE,If error occurs again ^then contact your system manager.
E100B7,REGISTER_EXISTS,If error occurs again ^then contact your system manager.
E100B8,REGISTER_DOES_NOT_EXIST,If error occurs again ^then contact your system manager.
E100B9,BIT_ERROR_NOT_CORRECTABLE,If error occurs again ^then contact your system manager.
E100BA,CFS_FILESYSTEM_ERROR,If error occurs again ^then contact your system manager.
E100BB,TYPE_VS_ACCESS_RIGHT_MISMATCH,If error occurs again ^then contact your system manager.
E100BC,REG_HEADER_CRC_ERROR,If error occurs again ^then contact your system manager.
E100BD,REG_DATA_CRC_ERROR,If error occurs again ^then contact your system manager.
E100BE,TYPE_VS_SIZE_MISMATCH,If error occurs again ^then contact your system manager.
E100BF,TYPE_VS_WRITE_MISMATCH,If error occurs again ^then contact your system manager.
E100C0,WRITE_VS_WRITE_MISMATCH,If error occurs again ^then contact your system manager.
E100C1,WRITE_VS_PARENT_USE_MISMATCH,If error occurs again ^then contact your system manager.
E100C2,LEN_VS_PARENT_LEN_MISMATCH,If error occurs again ^then contact your system manager.
E100C3,TYPE_VS_USAGE_MISMATCH,If error occurs again ^then contact your system manager.
E100C4,USE_VS_SIBLING_USE_MISMATCH,If error occurs again ^then contact your system manager.
E100C5,PARENT_ID_MISMATCH,If error occurs again ^then contact your system manager.
E100C6,UNKNOWN_DATA_MODE,If error occurs again ^then contact your system manager.
E100C7,INVALID_ROLE,If error occurs again ^then contact your system manager.
E100C8,ACCESS_RIGHT_NOT_FULFILLED,If error occurs again ^then contact your system manager.
E100C9,USE_CONDITION_NOT_FULFILLED,If error occurs again ^then contact your system manager.
E100CA,MULTIPLE_USE_NOT_ALLOWED,If error occurs again ^then contact your system manager.
E100CB,KDK_DELETE_ERROR,If error occurs again ^then contact your system manager.
E100CC,EXP_DES_NOT_ALLOWED,If error occurs again ^then contact your system manager.
E100CD,ECB_IMPORT_NOT_ALLOWED,If error occurs again ^then contact your system manager.
E100CE,ERR_MUTUAL_UNIQUENESS,If error occurs again ^then contact your system manager.
E100CF,DECOMMISSION_ERROR,If error occurs again ^then contact your system manager.
E100D0,WRONG_KEY_TYPE,If error occurs again ^then contact your system manager.
E100D1,REGISTER_LOCKED,If error occurs again ^then contact your system manager.
E100D2,WEAK_KEY,If error occurs again ^then contact your system manager.
E100D3,REG_FNT_SECTOR_CRC_BROKEN,If error occurs again ^then contact your system manager.
E100D4,TR31_WRITE_NOT_ALLOWED,If error occurs again ^then contact your system manager.
E100D5,USAGE_VS_USAGE_MISMATCH,If error occurs again ^then contact your system manager.
E100D6,UNSUPPORTED_USAGE,If error occurs again ^then contact your system manager.
E100D7,ILLEGAL_USAGE,If error occurs again ^then contact your system manager.
E100D8,ILLEGAL_TYPE,If error occurs again ^then contact your system manager.
E100D9,ILLEGAL_ACCESS_RIGHT,If error occurs again ^then contact your system manager.
E100DA,ILLEGAL_WRITING_METHOD,If error occurs again ^then contact your system manager.
E100DB,PARENT_REQUIRED,If error occurs again ^then contact your system manager.
E100DC,PARENT_NOT_REQUIRED,If error occurs again ^then contact your system manager.
E100DE,EXISTING_REG_NOT_COMPATIBLE,If error occurs again ^then contact your system manager.
E100DF,TYPE_VS_PARENT_TYPE_MISMATCH,If error occurs again ^then contact your system manager.
E100E0,UNDER_CONSTRUCTION,If error occurs again ^then contact your system manager.
E100E1,MAN_LOAD_NON_KDK,If error occurs again ^then contact your system manager.
E100E2,NOT_ALLOWED_DIRECT_INJECTION,If error occurs again ^then contact your system manager.
E100E3,ERR_CMD_NOT_ENABLED,If error occurs again ^then contact your system manager.
E100E4,ERR_CMD_NOT_ALLOWED,If error occurs again ^then contact your system manager.
E100E5,ERR_INVALID_CIPHER_MODE,If error occurs again ^then contact your system manager.
E100E6,REGISTER_NOT_EMPTY,If error occurs again ^then contact your system manager.
E100E7,ERR_NONCE_REG_TOO_BIG,If error occurs again ^then contact your system manager.
E100E8,DES_NOT_ALLOWED,If error occurs again ^then contact your system manager.
E100E9,DEFAULT_REG,If error occurs again ^then contact your system manager.
E100EA,SESSION_COUNTER_DIFF,If error occurs again ^then contact your system manager.
E100EB,MESSAGE_COUNTER_DIFF,If error occurs again ^then contact your system manager.
E100EC,MASTERKEY_CIRCULARLOAD^_NOT_ALLOWED,If error occurs again ^then contact your system manager.
E100ED,CFS_VERSION_INCOMPATIBILITY,If error occurs again ^then contact your system manager.
E100EE,DATA_DECRYPT_NOT_ALLOWED,If error occurs again ^then contact your system manager.
E100EF,SAME_KEY_ALREADY_LOADED,If error occurs again ^then contact your system manager.
E10130,Cannot read from the MPA,If error occurs again ^then contact your system manager.
E10131,The data passed with the command was ^invalid for the command.,If error occurs again ^then contact your system manager.
E10132,Not enough data was sent.,If error occurs again ^then contact your system manager.
E10133,Too much data was sent.,If error occurs again ^then contact your system manager.
E10134,The only recourse is to decommission ^the EPP and retry.,If error occurs again ^then contact your system manager.
E10135,Invalid version number in ASN.1 structure.,If error occurs again ^then contact your system manager.
E10136,Invalid digest algorithm identifier.,If error occurs again ^then contact your system manager.
E10137,Invalid issuer and serial number structure.,If error occurs again ^then contact your system manager.
E10138,Invalid input parameter to function,If error occurs again ^then contact your system manager.
E10139,ASN.1 object missing,If error occurs again ^then contact your system manager.
E1013A,bad formatted ASN.1 structure,If error occurs again ^then contact your system manager.
E1013B,Unknown certificate version (!= 3),If error occurs again ^then contact your system manager.
E1013C,as it says,If error occurs again ^then contact your system manager.
E1013D,Bad formatted Common Name element,If error occurs again ^then contact your system manager.
E1013E,Host or EPP serial no cannot be found in,If error occurs again ^then contact your system manager.
E1013F,not E/V/C key types,If error occurs again ^then contact your system manager.
E10140,Cannot write to the MPA,If error occurs again ^then contact your system manager.
E10141,Subject id not recognized,If error occurs again ^then contact your system manager.
E10142,Unknown certificate identifier,If error occurs again ^then contact your system manager.
E10143,bad structure of the valifity element or ^data format not in UTC,If error occurs again ^then contact your system manager.
E10144,Structure of public key element incorrect,If error occurs again ^then contact your system manager.
E10145,modulus is not as expected an ^integer element,If error occurs again ^then contact your system manager.
E10146,exponent is not as expected an ^integer element,If error occurs again ^then contact your system manager.
E10147,UNSUPPORTED_ENCRYPTIONALGO,If error occurs again ^then contact your system manager.
E10148,the keyusage specified is not supported,If error occurs again ^then contact your system manager.
E10149,Mismatch when comparing internal ^key modulul len with received modulus,If error occurs again ^then contact your system manager.
E1014A,Mismatch when comparing internal ^key modululs value with received modulus,If error occurs again ^then contact your system manager.
E1014B,Mismatch when comparing internal ^key exponent value with received modulus,If error occurs again ^then contact your system manager.
E1014C,mismatch between own nonce - ^received or bad length of field,If error occurs again ^then contact your system manager.
E1014D,Signature Algorithm ^Value or Length error.,If error occurs again ^then contact your system manager.
E1014E,The requested certificate is empty,If error occurs again ^then contact your system manager.
E1014F,PIN-reg. ^MPA-read error! (should not be possible! / ^implies an NVM failure).,If error occurs again ^then contact your system manager.
E10209,ERR_LENGTH_DIFF,If error occurs again ^then contact your system manager.
E1020A,ERR_RECOVERED_DATA_TRAILER,If error occurs again ^then contact your system manager.
E1020B,ERR_RECOVERED_DATA_HEADER,If error occurs again ^then contact your system manager.
E1020C,ERR_CERTIFICATE_FORMAT,If error occurs again ^then contact your system manager.
E1020D,ERR_HASH_ALGORITHM_INDICATOR,If error occurs again ^then contact your system manager.
E1020E,ERR_RECOVERED^_VS_CALCULATED_HASH,If error occurs again ^then contact your system manager.
E1020F,ERR_RECOVERED_PAN,If error occurs again ^then contact your system manager.
E10210,ERR_RECOVERED^_ALGORITHM_INDICATOR,If error occurs again ^then contact your system manager.
E10211,ERR_RID,If error occurs again ^then contact your system manager.
E10212,ERR_PK_LENGTH,If error occurs again ^then contact your system manager.
E10213,ERR_EUP_PUBLIC_KEY_INDEX,If error occurs again ^then contact your system manager.
E10214,ERR_SELF_CERTIF_EXTENDED_DATA,If error occurs again ^then contact your system manager.
E10215,ERR_ILLEGAL_PAN_SIZE,If error occurs again ^then contact your system manager.
E10216,ERR_ILLEGAL_ID_NUMBER,If error occurs again ^then contact your system manager.
E10218,ERR_CERTIFICATE_NOT_YET_ACTIVE,If error occurs again ^then contact your system manager.
E10219,ERR_ILLEGAL_SIGNED_DATA_FORMAT,If error occurs again ^then contact your system manager.
E10220,ERR_FORMAT_UNKNOWN,If error occurs again ^then contact your system manager.
E10221,ERR_ICC_CERTIFICATE_FORMAT,If error occurs again ^then contact your system manager.
E10222,ERR_DDA_CERTIFICATE_FORMAT,If error occurs again ^then contact your system manager.
E10223,ERR_CRYPTOGRAMS_NOT_EQUAL,If error occurs again ^then contact your system manager.
E10224,ERR_INVALID_CURRENT_YEAR,If error occurs again ^then contact your system manager.
E10225,ERR_DYNAMIC_DATA_LENGTH,If error occurs again ^then contact your system manager.
E10226,ERR_ILLEGAL_PAN,If error occurs again ^then contact your system manager.
E10227,ERR_VERIFYING_PAN,If error occurs again ^then contact your system manager.
E10228,ERR_CDA_RECOVERED^_VS_CALCULATED_HASH,If error occurs again ^then contact your system manager.
E10230,Length error in the ^encrypted ACP data (not mod 8),If error occurs again ^then contact your system manager.
E10231,Decryption error in the ACP data,If error occurs again ^then contact your system manager.
E10232,Problem/missing ACP decryption key,If error occurs again ^then contact your system manager.
E10233,Padding error in decrypted the ACP data,If error occurs again ^then contact your system manager.
E10234,CRC in the decrypte ACP data,If error occurs again ^then contact your system manager.
E10240,Command send to EXTernal ^device failed on the device,If error occurs again ^then contact your system manager.
E10241,Command send to EXTernal ^device failed on the device,If error occurs again ^then contact your system manager.
E10242,Bad parameters or Bad command ^send to EXTernal device,If error occurs again ^then contact your system manager.
E10246,Expected response header not received,If error occurs again ^then contact your system manager.
E10247,Expected response not received,If error occurs again ^then contact your system manager.
E10248,EXTernal device key match error. ^Key on device do not match key in MPA,If error occurs again ^then contact your system manager.
E10249,Unexpected response from EXTernal device.,If error occurs again ^then contact your system manager.
E1024A,Unexpected length field ^(greater than buffer),If error occurs again ^then contact your system manager.
E10600,PAR1_NOT_ACCEPTED,If error occurs again ^then contact your system manager.
E10601,PAR2_NOT_ACCEPTED,If error occurs again ^then contact your system manager.
E10602,PAR3_NOT_ACCEPTED,If error occurs again ^then contact your system manager.
E10603,PAR4_NOT_ACCEPTED,If error occurs again ^then contact your system manager.
E10604,PAR5_NOT_ACCEPTED,If error occurs again ^then contact your system manager.
E1060A,SIGNING_DATA_FAILED,If error occurs again ^then contact your system manager.
E1060B,ENCRYPTION_ERROR,If error occurs again ^then contact your system manager.
E1060C,DECRYPTION_ERROR,If error occurs again ^then contact your system manager.
E1060D,ERROR_TRANSLATION_DUMMY,If error occurs again ^then contact your system manager.
E1060E,INVALID_X509_DATA,If error occurs again ^then contact your system manager.
E1060F,KEY_MISMATCH,If error occurs again ^then contact your system manager.
E10610,UNKNOWN_CERT_TYPE,If error occurs again ^then contact your system manager.
E10611,The TR31 KBH data block is not accepted,If error occurs again ^then contact your system manager.
E10612,Conversion to/from ascii failed,If error occurs again ^then contact your system manager.
E10613,Error in data to or from BMP60.,If error occurs again ^then contact your system manager.
E10614,ISO8583-BMP61 was expected ^but not present.,If error occurs again ^then contact your system manager.
E10615,ISO8583-BMP61 was NOT ^expected but present.,If error occurs again ^then contact your system manager.
E10616,Key-length specifier invalid,If error occurs again ^then contact your system manager.
E10617,Invalid Key-Version or ^Key-Generation number.,If error occurs again ^then contact your system manager.
E10618,ISO8583-BMP61 unexpected length.,If error occurs again ^then contact your system manager.
E10619,Invalid format or range of DATE.,If error occurs again ^then contact your system manager.
E1061A,Invalid format or range ^of DATE for K_INIT_T or K_PERS_T.,If error occurs again ^then contact your system manager.
I00001,Camera driver is not found,Reboot system.^ If error occurs again^ then replace the Camera.
I00002,Camera initialization error,Reboot system.^ If error occurs again^ then replace the Camera.
I00003,Video execution error,Reboot system.^ If error occurs again^ then replace the Camera.
I00004,Video stop error,Reboot system.^ If error occurs again^ then replace the Camera.
I00005,Image capture is failed,Reboot system.^ If error occurs again^ then replace the Camera.
J00001,DB Open failed,Reboot system.^ If error occurs again^ then contact your system manager
J00002,DB Read failed,Reboot system.^ If error occurs again^ then contact your system manager
J00003,DB Insertion failed,Reboot system.^ If error occurs again^ then contact your system manager
J00004,DB Search failed,Reboot system.^ If error occurs again^ then contact your system manager
J00005,DB Close failed,Reboot system.^ If error occurs again^ then contact your system manager
J00006,Journal DB is full,First do back-up journal into usb memory ^stick drive and then delete journal.
Z00001,Terminal ID is not configured,Set TERMINAL ID ^<- CONFIGURE CONNECTION <- HOST^ <- MAIN
Z00002,Host IP adress is not configured,Set HOST ADDRESS ^<- CONFIGURE CONNECTION <- HOST^ <- MAIN
Z00003,Terminal IP not set,Set TERMINAL IP <- HOST <- MAIN
Z00004,Host phone number not set,Set HOST PHONE NUMBER ^<- CONFIGURE CONNECTION ^<- HOST <- MAIN
Z00005,Master password default,Change master password ^PASSWORD ^<- SYSTEM <- MAIN
Z00006,Administrator password default,Change administrator password ^PASSWORD ^<- SYSTEM <- MAIN
Z00007,Replenishment password default,Change replenishment password ^PASSWORD ^<- SYSTEM <- MAIN
Z10001,Abnormal cassette #1 condition,Check cassette #1 status
Z10002,Abnormal cassette #2 condition,Check cassette #2 status
Z10003,Abnormal cassette #3 condition,Check cassette #3 status
Z10004,Abnormal cassette #4 condition,Check cassette #4 status
Z10005,Abnormal cassette condition,Check all cassette status
Z10006,Cassette #1 is empty,Check cassette #1 box
Z10007,Cassette #2 is empty,Check cassette #2 box
Z10008,Cassette #3 is empty,Check cassette #3 box
Z10009,Cassette #4 is empty,Check cassette #4 box
Z10010,All cassette is empty,Check all cassette box
Z10011,Bill count of cassette #1 is 0,Set ADD QTY CASSETTE #1 <- TASK ^<- MAIN
Z10012,Bill count of cassette #2 is 0,Set ADD QTY CASSETTE #2 <- TASK ^<- MAIN
Z10013,Bill count of cassette #3 is 0,Set ADD QTY CASSETTE #3 <- TASK ^<- MAIN
Z10014,Bill count of cassette #4 is 0,Set ADD QTY CASSETTE #4 <- TASK ^<- MAIN
Z10015,Bill count is 0,Set ADD QTY CASSETTE <- TASK <- MAIN
Z10016,CBX#1 Denomination not set.,Set CASSETTE #1 DENOMINATION^ <- CASSETTE SETTINGS^ <- CASH DISPENSER <- DEVICE <- MAIN
Z10017,CBX#2 Denomination not set.,Set CASSETTE #2 DENOMINATION^ <- CASSETTE SETTINGS^ <- CASH DISPENSER <- DEVICE <- MAIN
Z10018,CBX#3 Denomination not set.,Set CASSETTE #3 DENOMINATION^ <- CASSETTE SETTINGS^ <- CASH DISPENSER <- DEVICE <- MAIN
Z10019,CBX#4 Denomination not set.,Set CASSETTE #4 DENOMINATION^ <- CASSETTE SETTINGS^ <- CASH DISPENSER <- DEVICE <- MAIN
Z10020,Invalid denomination,Set DENOMINATION^ <- CASSETTE SETTINGS^ <- CASH DISPENSER <- DEVICE <- MAIN
Z20001,Front door status is opened,Close the front door
Z20002,Security door status is opened,Close the security door
Z30001,Connection is failed,Please contact the host or check network status
Z30002,Not received ENQ,Please contact the host or check network status
Z30003,Data sending is failed,Please contact the host or check network status
Z30004,Not received response data,Please contact the host or check network status
Z30005,Not received EOT,Please contact the host or check network status
Z30006,CRC error,Please contact the host
Z31001,Terminal ID is invalid,Please contact the host
Z31002,Transaction code is invalid,Please contact the host
Z31003,Sequence No. is invalid,Please contact the host
Z31004,Authorization No. is invalid,Please contact the host
Z31005,Transaction date is invalid,Please contact the host
Z31006,Transaction time is invalid,Please contact the host
Z31007,Business date is invalid,Please contact the host
Z31008,Response code is invalid,Please contact the host
Z32001,Reversal is failed,Please contact the host
Z32002,Reversal due to power off,Contact your system manager
Z32003,Power off during dispensing,Check cash amount manually.
Z32004,Power off after dispensing was completed,Contact your system manager
Z33001,EMV Data is not received,Please contact the host.
Z33002,Card is declined.,Please contact your card issuer.
Z33003,Card is not removed,Please remove the card^during the transaction.
Z3HXXX,Host is declined,Please contact the host
Z3H001,Expired card,Please contact the host
Z3H002,Unauthorized usage,Please contact the host
Z3H003,PIN error,Please contact the host
Z3H004,Invalid PIN,Please contact the host
Z3H005,Bank unavailable,Please contact the host
Z3H006,Card not supported,Please contact the host
Z3H007,Insufficient funds,Please contact the host
Z3H008,Ineligible transaction,Please contact the host
Z3H009,Ineligible account,Please contact the host
Z3H010,Number of daily withdrawals exceeded,Please contact the host
Z3H011,Cannot process transaction,Please contact the host
Z3H012,Amount too large,Please contact the host
Z3H013,Account closed,Please contact the host
Z3H014,PIN tries exceeded,Please contact the host
Z3H015,Database problem,Please contact the host
Z3H016,Withdrawal limit already over,Please contact the host
Z3H017,Invalid amount,Please contact the host
Z3H018,External decline,Please contact the host
Z3H019,System error,Please contact the host
Z3H020,Contact card issuer,Please contact the host
Z3H021,Routing lookup problem,Please contact the host
Z3H022,Message edit error,Please contact the host
Z3H023,Transaction is not supported,Please contact the host
Z3H024,Insufficient funds,Please contact the host
Z3H025,Western Union sender data error,Please contact the host
Z3H026,Western Union receiver data error,Please contact the host
Z3H027,CRC error,Please contact the host
Z3H028,Pre-pay transaction failed,Please contact the host
Z3H029,Pre-pay transaction rejected,Please contact the host
Z3H030,Invalid mobile phone number,Please contact the host
Z3H031,Pre-pay account limit reached,Please contact the host
Z3H032,Pre-pay system unavailable,Please contact the host
Z3H033,Response would exceed message size limit,Please contact the host
Z3H034,Required info lost to process,Please contact the host
Z3H035,Second Invalid PIN,Please contact the host
Z3H111,Reversal Declined,Please contact the host
Z3H222,PIN Change Declined,Please contact the host
Z40001,The electronic journal is full,Backup and initialize electronic journal
Z50001,PINPAD is not activated,Please activate PINPAD^ MASTER KEY MANAGEMENT <- KEY MANAGEMENT^<- HOST <- MAIN 
Z50002,Masterkey is not injected,Please inject Masterkey^ MASTER KEY MANAGEMENT <- KEY MANAGEMENT^<- HOST <- MAIN 
Z50003,PIN workingkey is not injected,Please execute 'DOWNLOAD KEYS'^ DOWNLOAD KEYS <- KEY MANAGEMENT ^<- HOST <- MAIN 
Z50004,Stuck key is detected.,Please check the PINPAD
ZF0001,[CDM] Port open error,Reboot system.^ If error occurs again^ then contact your system manager
ZF0002,[PTR] Port open error,Reboot system.^ If error occurs again^ then contact your system manager
ZF0003,[IDC] Port open error,Reboot system.^ If error occurs again^ then contact your system manager
ZF0004,[EPP] Port open error,Reboot system.^ If error occurs again^ then contact your system manager
ZF0005,[SIU] Port open error,Reboot system.^ If error occurs again^ then contact your system manager
ZF0006,[CAM] Port open error,Reboot system.^ If error occurs again^ then contact your system manager
ZF0007,[EJL] Database open error,Reboot system.^ If error occurs again^ then contact your system manager
ZF0008,[MUB] Multi serial port open error,Reboot system.^ If error occurs again^ then contact your system manager
